{
    "rmse": 0.7173019817435559,
    "mae": 0.5658024346965003,
    "r2": 0.2377449881285444
}