{
    "rmse": 0.7060827047527208,
    "mae": 0.5572055348856518,
    "r2": 0.23151046009935694
}