{
    "rmse": 0.6685209931646428,
    "mae": 0.535827005676321,
    "r2": 0.29334376645853444
}